{"cameraMode":{"drawMode":0,"name":"Shaded","section":"Shading Mode"},"sceneLighting":true,"audioPlay":false,"sceneViewState":{"m_AlwaysRefresh":false,"showFog":false,"showSkybox":true,"showFlares":true,"showImageEffects":true,"showParticleSystems":true,"showVisualEffectGraphs":true,"m_FxEnabled":true},"in2DMode":false,"pivot":{"x":2.3673033714294435,"y":2.4423844814300539,"z":2.149477481842041},"rotation":{"x":0.09640830010175705,"y":-0.8754302263259888,"z":0.19566915929317475,"w":0.4313298761844635},"size":24.24706268310547,"orthographic":true}