{"cameraMode":{"drawMode":0,"name":"Shaded","section":"Shading Mode"},"sceneLighting":false,"audioPlay":false,"sceneViewState":{"m_AlwaysRefresh":false,"showFog":false,"showSkybox":false,"showFlares":true,"showImageEffects":true,"showParticleSystems":true,"showVisualEffectGraphs":true,"m_FxEnabled":true},"in2DMode":false,"pivot":{"x":-0.04529094696044922,"y":1.1956639289855958,"z":1.8424997329711915},"rotation":{"x":0.18494367599487306,"y":-0.6339057087898254,"z":0.15976916253566743,"w":0.7337844967842102},"size":2.848304271697998,"orthographic":true}