{"cameraMode":{"drawMode":0,"name":"Shaded","section":"Shading Mode"},"sceneLighting":true,"audioPlay":false,"sceneViewState":{"m_AlwaysRefresh":false,"showFog":true,"showSkybox":true,"showFlares":true,"showImageEffects":true,"showParticleSystems":true,"showVisualEffectGraphs":true,"m_FxEnabled":true},"in2DMode":false,"pivot":{"x":1.6207275390625,"y":-0.22998344898223878,"z":1.656613826751709},"rotation":{"x":0.010879659093916417,"y":-0.9889740943908691,"z":0.11263126134872437,"w":0.09552990645170212},"size":1.1585627794265748,"orthographic":true}